Process,Application
Strategic Planning and Governance Process,ERP & Backoffice
Financial Management and Compliance Process,ERP & Backoffice
Supplier and Procurement Management Process,ERP & Backoffice
Quality, Food Safety and Risk Management Process,ERP & Backoffice
Marketing, Loyalty and CRM Process,ERP & Backoffice
Dine-In Service Delivery and Guest Experience Process,Operations Platform
Kitchen Production and Service Preparation Process,Operations Platform
Inventory and Storage Management Process,Operations Platform
Premium Take-away and Delivery Fulfillment Process,Operations Platform
Reservation, Table and Capacity Management Process,Operations Platform
Events and B2B Process,Events & Menu Module
Menu, Product and Experience Design Process,Events & Menu Module
