Parent Process,Subprocess ID,Subprocess Name,Primary Business Units Involved,Applications Used
Strategic Planning and Governance Process,1.1,Annual and quarterly planning,Executive Leadership; Finance; Operations; Marketing; IT/Analytics; Quality & Compliance,BI dashboards; planning/budgeting tools; document management
Strategic Planning and Governance Process,1.2,Budgeting and investment decisions,Executive Leadership; Finance; Operations; Marketing; IT/Analytics; Quality & Compliance,BI dashboards; planning/budgeting tools; document management
Strategic Planning and Governance Process,1.3,KPI review and performance governance,Executive Leadership; Finance; Operations; Marketing; IT/Analytics; Quality & Compliance,BI dashboards; planning/budgeting tools; document management
Strategic Planning and Governance Process,1.4,Risk; compliance; and supplier governance reviews,Executive Leadership; Finance; Operations; Marketing; IT/Analytics; Quality & Compliance,BI dashboards; planning/budgeting tools; document management
Menu; Product and Experience Design Process,2.1,Concept and seasonal planning,Culinary/R&D; Operations; Procurement; Quality & Compliance; Marketing,Recipe/costing tool; document repository; BI
Menu; Product and Experience Design Process,2.2,Recipe development and testing,Culinary/R&D; Operations; Procurement; Quality & Compliance; Marketing,Recipe/costing tool; document repository; BI
Menu; Product and Experience Design Process,2.3,Costing and margin validation,Culinary/R&D; Operations; Procurement; Quality & Compliance; Marketing,Recipe/costing tool; document repository; BI
Menu; Product and Experience Design Process,2.4,Allergen review; provenance documentation; release approval,Culinary/R&D; Operations; Procurement; Quality & Compliance; Marketing,Recipe/costing tool; document repository; BI
Supplier and Procurement Management Process,3.1,Supplier onboarding/segmentation and contract setup,Procurement; Operations; Culinary; Finance; Quality & Compliance,Procurement/SRM; inventory system; document management
Supplier and Procurement Management Process,3.2,Demand forecasting and purchasing planning,Procurement; Operations; Culinary; Finance; Quality & Compliance,Procurement/SRM; inventory system; document management
Supplier and Procurement Management Process,3.3,Purchase order creation and approvals,Procurement; Operations; Culinary; Finance; Quality & Compliance,Procurement/SRM; inventory system; document management
Supplier and Procurement Management Process,3.4,Delivery scheduling; disputes; and supplier performance review,Procurement; Operations; Culinary; Finance; Quality & Compliance,Procurement/SRM; inventory system; document management
Inventory and Storage Management Process,4.1,Receiving and quality acceptance,Operations (Unit Mgmt); Kitchen; Procurement; Quality & Compliance,Inventory management; receiving mobile app; BI
Inventory and Storage Management Process,4.2,Stocking and storage allocation,Operations (Unit Mgmt); Kitchen; Procurement; Quality & Compliance,Inventory management; receiving mobile app; BI
Inventory and Storage Management Process,4.3,Stock counts and reconciliation,Operations (Unit Mgmt); Kitchen; Procurement; Quality & Compliance,Inventory management; receiving mobile app; BI
Inventory and Storage Management Process,4.4,Waste logging and spoilage management,Operations (Unit Mgmt); Kitchen; Procurement; Quality & Compliance,Inventory management; receiving mobile app; BI
Kitchen Production and Service Preparation Process,5.1,Prep planning,Kitchen (BOH); Operations; Quality & Compliance,KDS or POS kitchen module; checklist/HACCP tool
Kitchen Production and Service Preparation Process,5.2,Mise-en-place production and labeling,Kitchen (BOH); Operations; Quality & Compliance,KDS or POS kitchen module; checklist/HACCP tool
Kitchen Production and Service Preparation Process,5.3,Line execution during service (expediting),Kitchen (BOH); Operations; Quality & Compliance,KDS or POS kitchen module; checklist/HACCP tool
Kitchen Production and Service Preparation Process,5.4,Post-service reconciliation,Kitchen (BOH); Operations; Quality & Compliance,KDS or POS kitchen module; checklist/HACCP tool
Reservation; Table and Capacity Management Process,6.1,Reservation intake and confirmation,Front-of-House (Hosts); Unit Management; Marketing/CRM,Reservation system; CRM/guest profile; BI
Reservation; Table and Capacity Management Process,6.2,Deposit and no-show policy enforcement,Front-of-House (Hosts); Unit Management; Marketing/CRM,Reservation system; CRM/guest profile; BI
Reservation; Table and Capacity Management Process,6.3,Waitlist; seating plan; pacing controls,Front-of-House (Hosts); Unit Management; Marketing/CRM,Reservation system; CRM/guest profile; BI
Reservation; Table and Capacity Management Process,6.4,Guest profile updates,Front-of-House (Hosts); Unit Management; Marketing/CRM,Reservation system; CRM/guest profile; BI
Dine-In Service Delivery and Guest Experience Process,7.1,Greeting/seating and experience setup,Front-of-House; Kitchen; Unit Management; Finance,POS; payment gateway; CRM/feedback tool
Dine-In Service Delivery and Guest Experience Process,7.2,Order taking; pairing guidance; course pacing,Front-of-House; Kitchen; Unit Management; Finance,POS; payment gateway; CRM/feedback tool
Dine-In Service Delivery and Guest Experience Process,7.3,Issue handling/service recovery and complaint management,Front-of-House; Kitchen; Unit Management; Finance,POS; payment gateway; CRM/feedback tool
Dine-In Service Delivery and Guest Experience Process,7.4,Billing; payment; feedback capture,Front-of-House; Kitchen; Unit Management; Finance,POS; payment gateway; CRM/feedback tool
Premium Take-away and Delivery Fulfillment Process,8.1,Online order intake and slot assignment,Kitchen; Front-of-House; Operations; Customer Support,Online ordering; POS/KDS; delivery integration; support ticketing
Premium Take-away and Delivery Fulfillment Process,8.2,Kitchen preparation (take-away),Kitchen; Front-of-House; Operations; Customer Support,Online ordering; POS/KDS; delivery integration; support ticketing
Premium Take-away and Delivery Fulfillment Process,8.3,Packaging; labeling; quality gate and handoff,Kitchen; Front-of-House; Operations; Customer Support,Online ordering; POS/KDS; delivery integration; support ticketing
Premium Take-away and Delivery Fulfillment Process,8.4,Delivery coordination; customer support and refunds,Kitchen; Front-of-House; Operations; Customer Support,Online ordering; POS/KDS; delivery integration; support ticketing
Events and B2B Process,9.1,Lead intake and qualification,Events/Sales; Operations; Kitchen; Finance; Procurement,CRM (B2B); quoting/contracting templates; POS; ERP invoicing
Events and B2B Process,9.2,Proposal; menu design; pricing and contracting,Events/Sales; Operations; Kitchen; Finance; Procurement,CRM (B2B); quoting/contracting templates; POS; ERP invoicing
Events and B2B Process,9.3,Event planning and execution,Events/Sales; Operations; Kitchen; Finance; Procurement,CRM (B2B); quoting/contracting templates; POS; ERP invoicing
Events and B2B Process,9.4,Post-event invoicing and review,Events/Sales; Operations; Kitchen; Finance; Procurement,CRM (B2B); quoting/contracting templates; POS; ERP invoicing
Marketing; Loyalty and CRM Process,10.1,Segmentation and campaign planning,Marketing; Operations; Events; Executive,CRM/loyalty; marketing automation; social management; BI
Marketing; Loyalty and CRM Process,10.2,Content and channel execution,Marketing; Operations; Events; Executive,CRM/loyalty; marketing automation; social management; BI
Marketing; Loyalty and CRM Process,10.3,Loyalty/membership management,Marketing; Operations; Events; Executive,CRM/loyalty; marketing automation; social management; BI
Marketing; Loyalty and CRM Process,10.4,Reputation management,Marketing; Operations; Events; Executive,CRM/loyalty; marketing automation; social management; BI
Financial Management and Compliance Process,11.1,Daily cash-up and reconciliation,Finance; Unit Management; Executive Leadership; Quality/Compliance,ERP/accounting; POS reporting; BI; document management
Financial Management and Compliance Process,11.2,Accounts payable/receivable,Finance; Unit Management; Executive Leadership; Quality/Compliance,ERP/accounting; POS reporting; BI; document management
Financial Management and Compliance Process,11.3,Budget tracking and unit P&L management,Finance; Unit Management; Executive Leadership; Quality/Compliance,ERP/accounting; POS reporting; BI; document management
Financial Management and Compliance Process,11.4,Audit readiness and regulatory reporting,Finance; Unit Management; Executive Leadership; Quality/Compliance,ERP/accounting; POS reporting; BI; document management
Quality; Food Safety and Risk Management Process,12.1,HACCP plan maintenance and training,Quality & Compliance; Operations; Kitchen; Procurement,HACCP/compliance tool; document management; BI
Quality; Food Safety and Risk Management Process,12.2,Daily checks (temps; cleaning; allergens),Quality & Compliance; Operations; Kitchen; Procurement,HACCP/compliance tool; document management; BI
Quality; Food Safety and Risk Management Process,12.3,Non-conformance management,Quality & Compliance; Operations; Kitchen; Procurement,HACCP/compliance tool; document management; BI
Quality; Food Safety and Risk Management Process,12.4,Internal audits and CAPA,Quality & Compliance; Operations; Kitchen; Procurement,HACCP/compliance tool; document management; BI